Model,Accuracy,Precision,Recall,F1
Logistic Regression,0.2545,0.25430815959780323,0.2544129449713465,0.2541379032489619
Decision Tree,0.258,0.25756003245870723,0.25785684210180365,0.2575848851531096
k-NN,0.2615,0.261293715751493,0.2605205463481705,0.25629042484063796
SVM,0.2625,0.2616133566918046,0.261761146790096,0.2592290668642431
