Model,Accuracy,Macro_F1,Balanced_Accuracy
SVM,0.2625,0.2592290668642431,0.261761146790096
Logistic Regression,0.2545,0.2541379032489619,0.2544129449713465
Random Forest,0.25,0.24496098652397438,0.24911778800618734
Gradient Boosting,0.2335,0.18975315906844498,0.23181570404036214
